Crop,Crop_Year,Season,Area,Production,Annual_Rainfall,Fertilizer,Pesticide,Yield
Arhar/Tur,1997,Autumn,25621.0,6487,1496.6,2438350.57,7942.51,0.202777778
Arhar/Tur,1997,Summer,86559.0,16414,1496.6,8237820.03,26833.29,0.216785714
Arhar/Tur,1997,Winter,116553.0,23305,1496.6,11092349.01,36131.43,0.198928571
Groundnut,1997,Autumn,37462.0,34433,1496.6,3565258.54,11613.22,0.840434783
Groundnut,1997,Summer,39729.0,48815,1496.6,3781008.93,12315.99,1.211071429
Groundnut,1997,Winter,8157.0,8905,1496.6,776301.69,2528.67,0.884782609
Horse-gram,1997,Summer,952.0,253,1496.6,90601.84,295.12,0.274444444
Horse-gram,1997,Winter,114779.0,32809,1496.6,10923517.43,35581.49,0.303448276
Jute,1997,Autumn,92010.0,123210,1496.6,8756591.7,28523.1,1.215
Maize,1997,Autumn,51349.0,63331,1496.6,4886884.33,15918.19,0.812
Maize,1997,Summer,1164.0,978,1496.6,110777.88,360.84,0.945714286
Maize,1997,Winter,144.0,136,1496.6,13704.48,44.64,0.9925
Potato,1997,Whole Year,8887.0,87413,1496.6,845775.79,2754.97,8.774
Ragi,1997,Autumn,41987.0,26885,1496.6,3995902.79,13015.97,0.464615385
Ragi,1997,Summer,603.0,429,1496.6,57387.51,186.93,0.576153846
Ragi,1997,Winter,37191.0,19693,1496.6,3539467.47,11529.21,0.488125
Sesamum,1997,Autumn,7286.0,1626,1496.6,693408.62,2258.66,0.212352941
Sesamum,1997,Summer,16106.0,4065,1496.6,1532808.02,4992.86,0.259583333
Sesamum,1997,Winter,48551.0,8316,1496.6,4620598.67,15050.81,0.17
Sugarcane,1997,Winter,18682.0,1144012,1496.6,1777965.94,5791.42,55.64206897
Urad,1997,Autumn,32111.0,8536,1496.6,3056003.87,9954.41,0.233181818
Urad,1997,Summer,2077.0,480,1496.6,197668.09,643.87,0.277826087
Urad,1997,Winter,118618.0,38610,1496.6,11288875.06,36771.58,0.261333333
Wheat,1997,Rabi,5162.0,6360,1496.6,491267.54,1600.22,0.856666667
Arhar/Tur,1999,Kharif,136080.0,85500,1484.3,14442170.4,36741.6,0.642
Bajra,1999,Kharif,4010.0,2350,1484.3,425581.3,1082.7,0.586363636
Castor seed,1999,Kharif,12160.0,6260,1484.3,1290540.8,3283.2,0.5032
Castor seed,1999,Rabi,9720.0,4800,1484.3,1031583.6,2624.4,0.649230769
Coriander,1999,Rabi,25170.0,10330,1484.3,2671292.1,6795.9,0.439655172
Cotton(lint),1999,Kharif,38120.0,61030,1484.3,4045675.6,10292.4,1.215714286
Dry chillies,1999,Kharif,44090.0,38300,1484.3,4679271.7,11904.3,0.832
Dry chillies,1999,Rabi,57420.0,49620,1484.3,6093984.6,15503.4,0.827333333
Garlic,1999,Rabi,17610.0,52280,1484.3,1868949.3,4754.7,2.941
Ginger,1999,Kharif,13070.0,25930,1484.3,1387119.1,3528.9,1.975714286
Gram,1999,Rabi,33610.0,20310,1484.3,3567029.3,9074.7,0.513703704
Groundnut,1999,Kharif,100440.0,103490,1484.3,10659697.2,27118.8,1.105555556
Groundnut,1999,Rabi,150020.0,256770,1484.3,15921622.6,40505.4,1.517857143
Horse-gram,1999,Rabi,290330.0,96910,1484.3,30812722.9,78389.1,0.330869565
Jowar,1999,Kharif,13760.0,8280,1484.3,1460348.8,3715.2,0.582
Jute,1999,Kharif,13890.0,91740,1484.3,1474145.7,3750.3,5.435
Linseed,1999,Rabi,27450.0,10590,1484.3,2913268.5,7411.5,0.516470588
Maize,1999,Kharif,165330.0,206370,1484.3,17546472.9,44639.1,1.160333333
Maize,1999,Rabi,8270.0,10280,1484.3,877695.1,2232.9,1.395357143
Masoor,1999,Rabi,15610.0,7360,1484.3,1656689.3,4214.7,0.401666667
Mesta,1999,Kharif,30370.0,129640,1484.3,3223168.1,8199.9,3.855555556
Moong(Green Gram),1999,Kharif,149000.0,51470,1484.3,15813370.0,40230.0,0.355384615
Moong(Green Gram),1999,Rabi,441000.0,175720,1484.3,46803330.0,119070.0,0.371333333
Niger seed,1999,Kharif,118030.0,38670,1484.3,12526523.9,31868.1,0.376428571
Niger seed,1999,Rabi,19010.0,7020,1484.3,2017531.3,5132.7,0.397142857
Onion,1999,Whole Year,46400.0,368350,1484.3,4924432.0,12528.0,7.043
Potato,1999,Whole Year,8740.0,91050,1484.3,927576.2,2359.8,9.781851852
Ragi,1999,Kharif,202170.0,146790,1484.3,21456302.1,54585.9,0.615357143
Ragi,1999,Rabi,6790.0,6860,1484.3,720622.7,1833.3,0.783636364
Rapeseed &Mustard,1999,Rabi,125200.0,41040,1484.3,13287476.0,33804.0,0.338333333
Rice,1999,Autumn,797000.0,743000,1484.3,84585610.0,215190.0,0.971333333
Rice,1999,Summer,381810.0,912040,1484.3,40521495.3,103088.7,2.073333333
Rice,1999,Winter,3423000.0,3532000,1484.3,363282990.0,924210.0,1.142666667
Safflower,1999,Rabi,2400.0,1150,1484.3,254712.0,648.0,0.374
Sannhamp,1999,Whole Year,11450.0,37050,1484.3,1215188.5,3091.5,3.852
Sesamum,1999,Kharif,203000.0,64050,1484.3,21544390.0,54810.0,0.362857143
Sesamum,1999,Rabi,73980.0,26690,1484.3,7851497.4,19974.6,0.372857143
Small millets,1999,Kharif,41960.0,18850,1484.3,4453214.8,11329.2,0.417894737
Soyabean,1999,Kharif,60.0,10,1484.3,6367.8,16.2,0.17
Sugarcane,1999,Winter,30970.0,1826930,1484.3,3286846.1,8361.9,60.69166667
Sunflower,1999,Kharif,570.0,330,1484.3,60494.1,153.9,0.476666667
Sunflower,1999,Rabi,8780.0,7120,1484.3,931821.4,2370.6,0.71962963
Sweet potato,1999,Kharif,34100.0,292450,1484.3,3619033.0,9207.0,8.429642857
Sweet potato,1999,Rabi,9780.0,68770,1484.3,1037951.4,2640.6,7.766153846
Tobacco,1999,Whole Year,7430.0,4590,1484.3,788545.9,2006.1,0.558181818
Turmeric,1999,Kharif,28120.0,61180,1484.3,2984375.6,7592.4,1.9832
Urad,1999,Kharif,198000.0,71940,1484.3,21013740.0,53460.0,0.386666667
Urad,1999,Rabi,285970.0,105570,1484.3,30349996.1,77211.9,0.366333333
Wheat,1999,Rabi,18540.0,24850,1484.3,1967650.2,5005.8,1.351333333
Arhar/Tur,2000,Kharif,149140.0,97170,1066.0,14641073.8,38776.4,0.639666667
Arhar/Tur,2000,Rabi,50.0,30,1066.0,4908.5,13.0,0.585
Bajra,2000,Kharif,4120.0,2350,1066.0,404460.4,1071.2,0.564
Castor seed,2000,Kharif,9710.0,5050,1066.0,953230.7,2524.6,0.5196
Castor seed,2000,Rabi,8650.0,3940,1066.0,849170.5,2249.0,0.506923077
Coriander,2000,Whole Year,13370.0,6550,1066.0,1312532.9,3476.2,0.482222222
Cotton(lint),2000,Kharif,39160.0,65090,1066.0,3844337.2,10181.6,1.654
Dry chillies,2000,Whole Year,69650.0,58950,1066.0,6837540.5,18109.0,0.838
Garlic,2000,Whole Year,9000.0,28280,1066.0,883530.0,2340.0,3.123
Ginger,2000,Kharif,12060.0,23840,1066.0,1183930.2,3135.6,1.962142857
Gram,2000,Rabi,20630.0,12760,1066.0,2025247.1,5363.8,0.528666667
Groundnut,2000,Kharif,72357.0,57475,1066.0,7103286.69,18812.82,0.885666667
Horse-gram,2000,Kharif,75996.0,14594,1066.0,7460527.32,19758.96,0.217931034
Jowar,2000,Kharif,13000.0,7480,1066.0,1276210.0,3380.0,0.598
Jute,2000,Kharif,13850.0,106680,1066.0,1359654.5,3601.0,5.8825
Linseed,2000,Rabi,20630.0,7460,1066.0,2025247.1,5363.8,0.361875
Maize,2000,Kharif,54371.0,68866,1066.0,5337601.07,14136.46,0.8808
Mesta,2000,Kharif,23880.0,102620,1066.0,2344299.6,6208.8,3.9072
Moong(Green Gram),2000,Kharif,147440.0,29290,1066.0,14474184.8,38334.4,0.21
Niger seed,2000,Kharif,126530.0,29980,1066.0,12421450.1,32897.8,0.342307692
Niger seed,2000,Rabi,31500.0,9030,1066.0,3092355.0,8190.0,0.384545455
Onion,2000,Whole Year,27400.0,229420,1066.0,2689858.0,7124.0,7.385666667
Other  Rabi pulses,2000,Rabi,2180.0,1090,1066.0,214010.6,566.8,0.514444444
Other Kharif pulses,2000,Kharif,26610.0,14510,1066.0,2612303.7,6918.6,0.520714286
Potato,2000,Whole Year,8251.0,85872,1066.0,810000.67,2145.26,9.321071429
Ragi,2000,Kharif,83981.0,46554,1066.0,8244414.77,21835.06,0.424230769
Rapeseed &Mustard,2000,Rabi,12395.0,1649,1066.0,1216817.15,3222.7,0.132758621
Rice,2000,Autumn,854570.0,464250,1066.0,83893136.9,222188.2,0.733666667
Rice,2000,Summer,206730.0,441540,1066.0,20294684.1,53749.8,1.685333333
Rice,2000,Winter,3372220.0,3707590,1066.0,331050837.4,876777.2,1.020666667
Safflower,2000,Rabi,1390.0,780,1066.0,136456.3,361.4,0.546
Sannhamp,2000,Whole Year,11160.0,42290,1066.0,1095577.2,2901.6,4.0725
Sesamum,2000,Kharif,50502.0,6737,1066.0,4957781.34,13130.52,0.182
Small millets,2000,Kharif,40520.0,15630,1066.0,3977848.4,10535.2,0.411666667
Sugarcane,2000,Whole Year,16775.0,963917,1066.0,1646801.75,4361.5,51.06793103
Sunflower,2000,Kharif,830.0,480,1066.0,81481.1,215.8,0.58
Sunflower,2000,Rabi,4250.0,3110,1066.0,417222.5,1105.0,0.643928571
Sweet potato,2000,Whole Year,37670.0,272050,1066.0,3698063.9,9794.2,7.797666667
Tobacco,2000,Whole Year,3380.0,1560,1066.0,331814.6,878.8,0.454166667
Turmeric,2000,Whole Year,25310.0,60630,1066.0,2484682.7,6580.6,2.341923077
Urad,2000,Kharif,109101.0,27258,1066.0,10710445.17,28366.26,0.215666667
Wheat,2000,Rabi,8819.0,12904,1066.0,865761.23,2292.94,1.201538462
Arhar/Tur,2001,Kharif,126080.0,81340,1672.5,12876550.4,32780.8,0.696666667
Arhar/Tur,2001,Rabi,290.0,160,1672.5,29617.7,75.4,0.616666667
Bajra,2001,Kharif,4010.0,2270,1672.5,409541.3,1042.6,0.555
Castor seed,2001,Kharif,8670.0,4310,1672.5,885467.1,2254.2,0.520909091
Castor seed,2001,Rabi,9220.0,5020,1672.5,941638.6,2397.2,0.5328
Coriander,2001,Whole Year,12910.0,5970,1672.5,1318498.3,3356.6,0.449666667
Dry chillies,2001,Whole Year,70030.0,59180,1672.5,7152163.9,18207.8,0.844666667
Garlic,2001,Whole Year,8950.0,28280,1672.5,914063.5,2327.0,3.164666667
Ginger,2001,Kharif,13040.0,25210,1672.5,1331775.2,3390.4,1.808666667
Gram,2001,Rabi,29520.0,19180,1672.5,3014877.6,7675.2,0.514642857
Groundnut,2001,Kharif,61067.0,59904,1672.5,6236772.71,15877.42,0.966666667
Horse-gram,2001,Kharif,91171.0,28017,1672.5,9311294.23,23704.46,0.315172414
Jowar,2001,Kharif,12260.0,7090,1672.5,1252113.8,3187.6,0.607894737
Jute,2001,Kharif,4612.0,37776,1672.5,471023.56,1199.12,8.092222222
Linseed,2001,Rabi,23080.0,8530,1672.5,2357160.4,6000.8,0.355333333
Maize,2001,Kharif,51428.0,46658,1672.5,5252341.64,13371.28,0.714615385
Masoor,2001,Rabi,8790.0,3250,1672.5,897722.7,2285.4,0.364
Moong(Green Gram),2001,Kharif,212511.0,51097,1672.5,21703748.43,55252.86,0.235666667
Niger seed,2001,Kharif,115170.0,26960,1672.5,11762312.1,29944.2,0.283076923
Niger seed,2001,Rabi,28290.0,8860,1672.5,2889257.7,7355.4,0.365833333
Onion,2001,Whole Year,19410.0,173430,1672.5,1982343.3,5046.6,8.714333333
Other  Rabi pulses,2001,Rabi,35620.0,21120,1672.5,3637870.6,9261.2,0.62
Other Kharif pulses,2001,Kharif,21440.0,10630,1672.5,2189667.2,5574.4,0.47125
Potato,2001,Whole Year,7580.0,78049,1672.5,774145.4,1970.8,9.565714286
Ragi,2001,Kharif,76262.0,45077,1672.5,7788638.06,19828.12,0.489166667
Rapeseed &Mustard,2001,Rabi,14159.0,2224,1672.5,1446058.67,3681.34,0.139310345
Rice,2001,Kharif,4500000.0,7220000,1672.5,459585000.0,1170000.0,1.583666667
Safflower,2001,Rabi,3950.0,2190,1672.5,403413.5,1027.0,0.4905
Sesamum,2001,Kharif,51573.0,11341,1672.5,5267150.49,13408.98,0.225
Small millets,2001,Kharif,42360.0,20120,1672.5,4326226.8,11013.6,0.426875
Sugarcane,2001,Whole Year,10988.0,644007,1672.5,1122204.44,2856.88,52.85172414
Sunflower,2001,Kharif,460.0,200,1672.5,46979.8,119.6,0.568
Sunflower,2001,Rabi,8940.0,6850,1672.5,913042.2,2324.4,0.664814815
Sweet potato,2001,Whole Year,38480.0,312850,1672.5,3929962.4,10004.8,8.193666667
Tobacco,2001,Whole Year,5680.0,3580,1672.5,580098.4,1476.8,0.524
Turmeric,2001,Whole Year,26420.0,59240,1672.5,2698274.6,6869.2,2.108
Urad,2001,Kharif,148934.0,44552,1672.5,15210629.42,38722.84,0.255333333
Wheat,2001,Rabi,6976.0,10565,1672.5,712458.88,1813.76,1.1288
Arhar/Tur,2002,Kharif,114190.0,73450,1102.8,10810367.3,28547.5,0.665862069
Arhar/Tur,2002,Rabi,70.0,50,1102.8,6626.9,17.5,0.65
Bajra,2002,Kharif,3760.0,1820,1102.8,355959.2,940.0,0.528333333
Castor seed,2002,Kharif,7830.0,3610,1102.8,741266.1,1957.5,0.463913043
Castor seed,2002,Rabi,6400.0,2750,1102.8,605888.0,1600.0,0.489166667
Coriander,2002,Whole Year,18880.0,8950,1102.8,1787369.6,4720.0,0.472333333
Dry chillies,2002,Whole Year,74970.0,62910,1102.8,7097409.9,18742.5,0.834333333
Garlic,2002,Whole Year,10700.0,33830,1102.8,1012969.0,2675.0,3.16
Ginger,2002,Kharif,15340.0,29490,1102.8,1452237.8,3835.0,1.828
Gram,2002,Rabi,21040.0,13020,1102.8,1991856.8,5260.0,0.489310345
Groundnut,2002,Kharif,56137.0,48835,1102.8,5314489.79,14034.25,0.863
Horse-gram,2002,Kharif,75952.0,14322,1102.8,7190375.84,18988.0,0.222666667
Jowar,2002,Kharif,11000.0,5720,1102.8,1041370.0,2750.0,0.5605
Jute,2002,Kharif,5610.0,51209,1102.8,531098.7,1402.5,8.91875
Linseed,2002,Rabi,16530.0,5410,1102.8,1564895.1,4132.5,0.329285714
Maize,2002,Kharif,43100.0,42400,1102.8,4080277.0,10775.0,0.9248
Masoor,2002,Rabi,3810.0,1400,1102.8,360692.7,952.5,0.36
Moong(Green Gram),2002,Kharif,168305.0,38348,1102.8,15933434.35,42076.25,0.205666667
Niger seed,2002,Kharif,98060.0,15560,1102.8,9283340.2,24515.0,0.247272727
Niger seed,2002,Rabi,19930.0,5810,1102.8,1886773.1,4982.5,0.330909091
Onion,2002,Whole Year,26410.0,238790,1102.8,2500234.7,6602.5,8.852666667
Other  Rabi pulses,2002,Rabi,26900.0,15730,1102.8,2546623.0,6725.0,0.592962963
Other Kharif pulses,2002,Kharif,20790.0,10461,1102.8,1968189.3,5197.5,0.455555556
Potato,2002,Whole Year,7076.0,70320,1102.8,669884.92,1769.0,8.908214286
Ragi,2002,Kharif,77095.0,35504,1102.8,7298583.65,19273.75,0.387692308
Rapeseed &Mustard,2002,Rabi,12193.0,1604,1102.8,1154311.31,3048.25,0.118333333
Rice,2002,Kharif,4273000.0,3278000,1102.8,404524910.0,1068250.0,0.753333333
Safflower,2002,Rabi,1250.0,500,1102.8,118337.5,312.5,0.51
Sesamum,2002,Kharif,43471.0,7022,1102.8,4115399.57,10867.75,0.203448276
Small millets,2002,Kharif,30440.0,11440,1102.8,2881754.8,7610.0,0.394705882
Sugarcane,2002,Whole Year,14177.0,753194,1102.8,1342136.59,3544.25,52.07642857
Sunflower,2002,Kharif,50.0,30,1102.8,4733.5,12.5,0.666666667
Sunflower,2002,Rabi,3860.0,2610,1102.8,365426.2,965.0,0.599655172
Sweet potato,2002,Whole Year,46890.0,384260,1102.8,4439076.3,11722.5,8.228666667
Tobacco,2002,Whole Year,4090.0,2600,1102.8,387200.3,1022.5,0.522222222
Turmeric,2002,Whole Year,23640.0,33700,1102.8,2237998.8,5910.0,2.164827586
Urad,2002,Kharif,117293.0,27067,1102.8,11104128.31,29323.25,0.202333333
Wheat,2002,Rabi,4627.0,5767,1102.8,438038.09,1156.75,1.133636364
Arhar/Tur,2003,Kharif,136540.0,95590,1648.2,13514729.2,32769.6,0.682068966
Bajra,2003,Kharif,3270.0,1720,1648.2,323664.6,784.8,0.538333333
Castor seed,2003,Kharif,10900.0,5590,1648.2,1078882.0,2616.0,0.480769231
Castor seed,2003,Rabi,6830.0,3050,1648.2,676033.4,1639.2,0.486
Coriander,2003,Whole Year,19010.0,9000,1648.2,1881609.8,4562.4,0.480666667
Dry chillies,2003,Whole Year,75040.0,63180,1648.2,7427459.2,18009.6,0.838666667
Garlic,2003,Whole Year,10850.0,34320,1648.2,1073933.0,2604.0,3.144666667
Ginger,2003,Kharif,15480.0,30020,1648.2,1532210.4,3715.2,1.810333333
Gram,2003,Rabi,28570.0,17670,1648.2,2827858.6,6856.8,0.505172414
Groundnut,2003,Kharif,77176.0,93133,1648.2,7638880.48,18522.24,1.084
Horse-gram,2003,Kharif,87826.0,24752,1648.2,8693017.48,21078.24,0.293103448
Jowar,2003,Kharif,11090.0,6380,1648.2,1097688.2,2661.6,0.604
Jute,2003,Kharif,2590.0,18148,1648.2,256358.2,621.6,7.076666667
Linseed,2003,Rabi,18240.0,7180,1648.2,1805395.2,4377.6,0.33
Maize,2003,Kharif,55549.0,78744,1648.2,5498240.02,13331.76,0.887307692
Maize,2003,Rabi,13760.0,18180,1648.2,1361964.8,3302.4,1.32
Masoor,2003,Rabi,5860.0,2430,1648.2,580022.8,1406.4,0.4025
Moong(Green Gram),2003,Kharif,257261.0,60081,1648.2,25463693.78,61742.64,0.229333333
Niger seed,2003,Kharif,110640.0,25660,1648.2,10951147.2,26553.6,0.277
Niger seed,2003,Rabi,19610.0,6170,1648.2,1940997.8,4706.4,0.38
Onion,2003,Whole Year,26550.0,240340,1648.2,2627919.0,6372.0,8.845666667
Other  Rabi pulses,2003,Rabi,35250.0,20190,1648.2,3489045.0,8460.0,0.582592593
Other Kharif pulses,2003,Kharif,27280.0,15020,1648.2,2700174.4,6547.2,0.506428571
Potato,2003,Whole Year,7303.0,75823,1648.2,722850.94,1752.72,9.688965517
Ragi,2003,Kharif,70490.0,44575,1648.2,6977100.2,16917.6,0.4768
Rapeseed &Mustard,2003,Rabi,15907.0,3065,1648.2,1574474.86,3817.68,0.169310345
Rice,2003,Kharif,4501000.0,6801000,1648.2,445508980.0,1080240.0,1.516333333
Safflower,2003,Rabi,1620.0,710,1648.2,160347.6,388.8,0.42875
Sesamum,2003,Kharif,37716.0,7776,1648.2,3733129.68,9051.84,0.219333333
Small millets,2003,Kharif,26570.0,11510,1648.2,2629898.6,6376.8,0.435789474
Sugarcane,2003,Whole Year,14565.0,858096,1648.2,1441643.7,3495.6,54.54655172
Sunflower,2003,Kharif,820.0,470,1648.2,81163.6,196.8,0.608461538
Sunflower,2003,Rabi,5230.0,3920,1648.2,517665.4,1255.2,0.647931034
Sweet potato,2003,Whole Year,47030.0,393560,1648.2,4655029.4,11287.2,8.454333333
Tobacco,2003,Whole Year,5310.0,3490,1648.2,525583.8,1274.4,0.537
Turmeric,2003,Whole Year,23780.0,56420,1648.2,2353744.4,5707.2,2.241
Urad,2003,Kharif,135994.0,36794,1648.2,13460686.12,32638.56,0.256333333
Wheat,2003,Rabi,5129.0,7517,1648.2,507668.42,1230.96,1.377407407
Arhar/Tur,2019,Kharif,128630.0,144580,1593.9,22093488.8,47593.1,0.973461538
Bajra,2019,Kharif,1870.0,1160,1593.9,321191.2,691.9,0.678
Castor seed,2019,Kharif,4510.0,2910,1593.9,774637.6,1668.7,0.909
Castor seed,2019,Rabi,2280.0,1510,1593.9,391612.8,843.6,0.701538462
Coriander,2019,Rabi,19980.0,13140,1593.9,3431764.8,7392.6,0.614666667
Cotton(lint),2019,Kharif,169560.0,578500,1593.9,29123625.6,62737.2,3.399166667
Cowpea(Lobia),2019,Kharif,40330.0,30010,1593.9,6927080.8,14922.1,0.730666667
Cowpea(Lobia),2019,Rabi,27980.0,20670,1593.9,4805844.8,10352.6,0.7432
Dry chillies,2019,Kharif,24910.0,23360,1593.9,4278541.6,9216.7,0.938666667
Dry chillies,2019,Rabi,50090.0,65410,1593.9,8603458.4,18533.3,1.374
Garlic,2019,Rabi,13500.0,49530,1593.9,2318760.0,4995.0,4.251428571
Ginger,2019,Kharif,17140.0,228840,1593.9,2943966.4,6341.8,13.45275862
Gram,2019,Rabi,27820.0,21670,1593.9,4778363.2,10293.4,0.799285714
Groundnut,2019,Autumn,9663.0,11486,1593.9,1659716.88,3575.31,1.357894737
Groundnut,2019,Summer,18352.0,41013,1593.9,3152139.52,6790.24,1.848076923
Groundnut,2019,Winter,1422.0,2262,1593.9,244242.72,526.14,1.509090909
Horse-gram,2019,Summer,36.0,23,1593.9,6183.36,13.32,0.63
Horse-gram,2019,Winter,22722.0,8999,1593.9,3902730.72,8407.14,0.400344828
Jowar,2019,Kharif,5810.0,3680,1593.9,997925.6,2149.7,0.648
Jute,2019,Autumn,147.0,319,1593.9,25248.72,54.39,1.94
Linseed,2019,Rabi,10170.0,5040,1593.9,1746799.2,3762.9,0.519230769
Maize,2019,Autumn,61041.0,175675,1593.9,10484402.16,22585.17,2.048181818
Maize,2019,Summer,3934.0,13113,1593.9,675703.84,1455.58,2.243
Maize,2019,Winter,95.0,226,1593.9,16317.2,35.15,2.48125
Masoor,2019,Rabi,9340.0,4940,1593.9,1604238.4,3455.8,0.535714286
Mesta,2019,Kharif,4690.0,23420,1593.9,805554.4,1735.3,4.85
Moong(Green Gram),2019,Autumn,10656.0,3144,1593.9,1830274.56,3942.72,0.370909091
Moong(Green Gram),2019,Summer,169358.0,57566,1593.9,29088930.08,62662.46,0.431538462
Moong(Green Gram),2019,Winter,60116.0,20003,1593.9,10325524.16,22242.92,0.386818182
Niger seed,2019,Winter,15898.0,5699,1593.9,2730640.48,5882.26,0.287
Onion,2019,Rabi,35120.0,437140,1593.9,6032211.2,12994.4,12.21413793
Other  Rabi pulses,2019,Rabi,77940.0,37960,1593.9,13386974.4,28837.8,0.465909091
Other Kharif pulses,2019,Kharif,80810.0,36040,1593.9,13879925.6,29899.7,0.44
Peas & beans (Pulses),2019,Rabi,33400.0,25620,1593.9,5736784.0,12358.0,0.77
Potato,2019,Winter,4397.0,46961,1593.9,755228.72,1626.89,11.34730769
Ragi,2019,Autumn,9588.0,7154,1593.9,1646834.88,3547.56,0.620833333
Ragi,2019,Summer,381.0,288,1593.9,65440.56,140.97,0.613333333
Ragi,2019,Winter,25919.0,18778,1593.9,4451847.44,9590.03,0.5725
Rapeseed &Mustard,2019,Winter,6952.0,2039,1593.9,1194075.52,2572.24,0.263333333
Rice,2019,Autumn,426080.0,769480,1593.9,73183500.8,157649.6,1.8825
Rice,2019,Summer,292610.0,932910,1593.9,50258693.6,108265.7,2.796896552
Rice,2019,Winter,3222020.0,8052660,1593.9,553414155.2,1192147.4,2.564666667
Safflower,2019,Rabi,300.0,180,1593.9,51528.0,111.0,0.623333333
Sannhamp,2019,Kharif,4880.0,25590,1593.9,838188.8,1805.6,4.954
Sesamum,2019,Autumn,1935.0,594,1593.9,332355.6,715.95,0.428333333
Sesamum,2019,Summer,2603.0,570,1593.9,447091.28,963.11,0.293333333
Sesamum,2019,Winter,9457.0,2914,1593.9,1624334.32,3499.09,0.2275
Small millets,2019,Kharif,32870.0,16990,1593.9,5645751.2,12161.9,0.498125
Sugarcane,2019,Winter,8948.0,504870,1593.9,1536908.48,3310.76,56.56238095
Sunflower,2019,Kharif,630.0,470,1593.9,108208.8,233.1,0.8275
Sunflower,2019,Rabi,15930.0,20480,1593.9,2736136.8,5894.1,1.288333333
Sweet potato,2019,Kharif,36270.0,350740,1593.9,6229735.2,13419.9,9.507666667
Sweet potato,2019,Rabi,6610.0,59200,1593.9,1135333.6,2445.7,8.970909091
Tobacco,2019,Rabi,130.0,90,1593.9,22328.8,48.1,0.69
Turmeric,2019,Kharif,30000.0,60000,1593.9,5152800.0,11100.0,2.274482759
Urad,2019,Autumn,10170.0,2986,1593.9,1746799.2,3762.9,0.318181818
Urad,2019,Summer,8522.0,3212,1593.9,1463738.72,3153.14,0.409090909
Urad,2019,Winter,38948.0,15020,1593.9,6689708.48,14410.76,0.373076923
Wheat,2019,Summer,118.0,164,1593.9,20267.68,43.66,1.495
Bajra,2004,Kharif,3155.0,1609,1290.4,341812.7,662.55,0.499230769
Castor seed,2004,Kharif,11117.0,5670,1290.4,1204415.78,2334.57,0.461071429
Castor seed,2004,Rabi,6956.0,3510,1290.4,753613.04,1460.76,0.446666667
Coriander,2004,Whole Year,19060.0,9107,1290.4,2064960.4,4002.6,0.482333333
Dry chillies,2004,Whole Year,76113.0,63240,1290.4,8246082.42,15983.73,0.830666667
Garlic,2004,Whole Year,11044.0,34918,1290.4,1196506.96,2319.24,3.158
Ginger,2004,Kharif,15674.0,30368,1290.4,1698121.16,3291.54,1.825666667
Gram,2004,Rabi,31811.0,19941,1290.4,3446403.74,6680.31,0.536
Groundnut,2004,Autumn,30494.0,25117,1290.4,3303719.96,6403.74,0.715769231
Groundnut,2004,Summer,54029.0,74074,1290.4,5853501.86,11346.09,1.136551724
Groundnut,2004,Winter,3187.0,3522,1290.4,345279.58,669.27,1.036842105
Horse-gram,2004,Summer,240.0,62,1290.4,26001.6,50.4,0.21
Horse-gram,2004,Winter,78105.0,20792,1290.4,8461895.7,16402.05,0.301666667
Jowar,2004,Kharif,10071.0,5451,1290.4,1091092.14,2114.91,0.5245
Jute,2004,Autumn,2520.0,24728,1290.4,273016.8,529.2,8.1725
Linseed,2004,Rabi,22376.0,8529,1290.4,2424215.84,4698.96,0.355625
Maize,2004,Autumn,58692.0,94954,1290.4,6358691.28,12325.32,1.0572
Maize,2004,Summer,2071.0,4226,1290.4,224372.14,434.91,1.267727273
Maize,2004,Winter,1575.0,3107,1290.4,170635.5,330.75,1.461538462
Masoor,2004,Rabi,10400.0,4130,1290.4,1126736.0,2184.0,0.393333333
Moong(Green Gram),2004,Autumn,18750.0,4373,1290.4,2031375.0,3937.5,0.171176471
Moong(Green Gram),2004,Summer,111395.0,35257,1290.4,12068534.3,23392.95,0.275
Moong(Green Gram),2004,Winter,82486.0,16515,1290.4,8936533.24,17322.06,0.196666667
Niger seed,2004,Rabi,123617.0,33969,1290.4,13392665.78,25959.57,0.31
Onion,2004,Whole Year,26684.0,241852,1290.4,2890944.56,5603.64,8.963333333
Other  Rabi pulses,2004,Rabi,41790.0,25599,1290.4,4527528.6,8775.9,0.598666667
Potato,2004,Winter,8506.0,80770,1290.4,921540.04,1786.26,8.655
Ragi,2004,Autumn,24161.0,15814,1290.4,2617602.74,5073.81,0.548571429
Ragi,2004,Summer,261.0,213,1290.4,28276.74,54.81,0.802
Ragi,2004,Winter,39385.0,24820,1290.4,4266970.9,8270.85,0.472142857
Rapeseed &Mustard,2004,Winter,15863.0,3029,1290.4,1718597.42,3331.23,0.159
Rice,2004,Autumn,824000.0,677000,1290.4,89272160.0,173040.0,0.98
Rice,2004,Summer,293000.0,652000,1290.4,31743620.0,61530.0,1.938148148
Rice,2004,Winter,3375000.0,5207000,1290.4,365647500.0,708750.0,1.511333333
Safflower,2004,Rabi,1804.0,1092,1290.4,195445.36,378.84,0.498
Sesamum,2004,Autumn,4001.0,978,1290.4,433468.34,840.21,0.199375
Sesamum,2004,Summer,8284.0,2187,1290.4,897488.56,1739.64,0.283076923
Sesamum,2004,Winter,36428.0,7719,1290.4,3946609.52,7649.88,0.164583333
Small millets,2004,Kharif,24875.0,11098,1290.4,2694957.5,5223.75,0.453684211
Sugarcane,2004,Winter,14486.0,926085,1290.4,1569413.24,3042.06,56.76321429
Sunflower,2004,Rabi,7578.0,5845,1290.4,821000.52,1591.38,0.65137931
Sweet potato,2004,Whole Year,47112.0,394287,1290.4,5104114.08,9893.52,8.469666667
Tobacco,2004,Whole Year,4760.0,3247,1290.4,515698.4,999.6,0.561
Turmeric,2004,Whole Year,23860.0,56768,1290.4,2584992.4,5010.6,2.249333333
Urad,2004,Autumn,27222.0,5867,1290.4,2949231.48,5716.62,0.199047619
Urad,2004,Summer,4605.0,1886,1290.4,498905.7,967.05,0.289
Urad,2004,Winter,92216.0,24915,1290.4,9990681.44,19365.36,0.230344828
Wheat,2004,Summer,4054.0,5313,1290.4,439210.36,851.34,1.266071429
Groundnut,1998,Autumn,32001.0,27051,1357.1,3161698.8,9280.29,0.742608696
Groundnut,1998,Summer,45581.0,39912,1357.1,4503402.8,13218.49,1.031
Groundnut,1998,Winter,5987.0,5184,1357.1,591515.6,1736.23,0.94
Horse-gram,1998,Summer,528.0,81,1357.1,52166.4,153.12,0.105714286
Horse-gram,1998,Winter,96407.0,23838,1357.1,9525011.6,27958.03,0.250666667
Jute,1998,Autumn,5313.0,41593,1357.1,524924.4,1540.77,6.449090909
Maize,1998,Autumn,50230.0,65866,1357.1,4962724.0,14566.7,0.838846154
Maize,1998,Summer,276.0,240,1357.1,27268.8,80.04,0.94125
Maize,1998,Winter,417.0,247,1357.1,41199.6,120.93,0.717142857
Moong(Green Gram),1998,Autumn,21845.0,5123,1357.1,2158286.0,6335.05,0.174210526
Moong(Green Gram),1998,Summer,92720.0,22077,1357.1,9160736.0,26888.8,0.253793103
Moong(Green Gram),1998,Winter,106933.0,17537,1357.1,10564980.4,31010.57,0.136296296
Potato,1998,Winter,7955.0,92624,1357.1,785954.0,2306.95,9.830666667
Ragi,1998,Autumn,41039.0,27015,1357.1,4054653.2,11901.31,0.408
Ragi,1998,Summer,861.0,596,1357.1,85066.8,249.69,0.476363636
Ragi,1998,Winter,39112.0,24271,1357.1,3864265.6,11342.48,0.539047619
Rapeseed &Mustard,1998,Winter,19021.0,2376,1357.1,1879274.8,5516.09,0.113
Rice,1998,Autumn,819731.0,501365,1357.1,80989422.8,237721.99,0.837666667
Rice,1998,Summer,268081.0,506455,1357.1,26486402.8,77743.49,1.582666667
Rice,1998,Winter,3358901.0,4383502,1357.1,331859418.8,974081.29,1.342333333
Sesamum,1998,Autumn,7694.0,1269,1357.1,760167.2,2231.26,0.182941176
Sesamum,1998,Summer,7864.0,1683,1357.1,776963.2,2280.56,0.203703704
Sesamum,1998,Winter,37995.0,6669,1357.1,3753906.0,11018.55,0.1668
Sugarcane,1998,Winter,22325.0,1469529,1357.1,2205710.0,6474.25,58.57666667
Urad,1998,Autumn,35494.0,9030,1357.1,3506807.2,10293.26,0.1888
Urad,1998,Summer,2544.0,529,1357.1,251347.2,737.76,0.240454545
Urad,1998,Winter,100561.0,28577,1357.1,9935426.8,29162.69,0.222666667
Wheat,1998,Summer,3868.0,4441,1357.1,382158.4,1121.72,1.108
Groundnut,2005,Autumn,34909.0,28983,1503.4,4186287.28,7330.89,0.706
Groundnut,2005,Summer,52720.0,74525,1503.4,6322182.4,11071.2,1.252758621
Groundnut,2005,Winter,3171.0,2831,1503.4,380266.32,665.91,0.913157895
Horse-gram,2005,Summer,439.0,83,1503.4,52644.88,92.19,0.217777778
Horse-gram,2005,Winter,75000.0,20905,1503.4,8994000.0,15750.0,0.287666667
Jute,2005,Autumn,2724.0,24644,1503.4,326662.08,572.04,8.301428571
Maize,2005,Autumn,56216.0,85608,1503.4,6741422.72,11805.36,0.9388
Maize,2005,Summer,1585.0,3455,1503.4,190073.2,332.85,1.497142857
Maize,2005,Winter,5786.0,12841,1503.4,693857.12,1215.06,1.32
Moong(Green Gram),2005,Autumn,20063.0,4344,1503.4,2405954.96,4213.23,0.175333333
Moong(Green Gram),2005,Summer,132266.0,42509,1503.4,15861338.72,27775.86,0.2875
Moong(Green Gram),2005,Winter,104909.0,19319,1503.4,12580687.28,22030.89,0.239259259
Potato,2005,Winter,8305.0,75078,1503.4,995935.6,1744.05,8.475517241
Ragi,2005,Autumn,26366.0,16419,1503.4,3161810.72,5536.86,0.526842105
Ragi,2005,Summer,226.0,180,1503.4,27101.92,47.46,0.693333333
Ragi,2005,Winter,38975.0,23717,1503.4,4673882.0,8184.75,0.476470588
Rapeseed &Mustard,2005,Winter,17401.0,3330,1503.4,2086727.92,3654.21,0.172333333
Rice,2005,Autumn,781000.0,681000,1503.4,93657520.0,164010.0,1.016428571
Rice,2005,Summer,325000.0,702000,1503.4,38974000.0,68250.0,2.04
Rice,2005,Winter,3373000.0,5475000,1503.4,404490160.0,708330.0,1.639666667
Sesamum,2005,Autumn,3014.0,417,1503.4,361438.88,632.94,0.171176471
Sesamum,2005,Summer,10331.0,2788,1503.4,1238893.52,2169.51,0.284615385
Sesamum,2005,Winter,41341.0,9837,1503.4,4957612.72,8681.61,0.21125
Sugarcane,2005,Winter,16332.0,1073011,1503.4,1958533.44,3429.72,57.81310345
Urad,2005,Autumn,27147.0,5411,1503.4,3255468.24,5700.87,0.202380952
Urad,2005,Summer,6116.0,2458,1503.4,733430.72,1284.36,0.33
Urad,2005,Winter,100077.0,25771,1503.4,12001233.84,21016.17,0.252666667
Wheat,2005,Summer,3276.0,4486,1503.4,392857.92,687.96,1.2124
Groundnut,2006,Autumn,32928.0,28796,1716.9,4205234.88,7244.16,0.781666667
Groundnut,2006,Summer,42429.0,54800,1716.9,5418607.59,9334.38,1.179285714
Groundnut,2006,Winter,3535.0,4056,1716.9,451454.85,777.7,0.965789474
Horse-gram,2006,Summer,197.0,25,1716.9,25158.87,43.34,0.242857143
Horse-gram,2006,Winter,73305.0,21142,1716.9,9361781.55,16127.1,0.300666667
Jute,2006,Autumn,4858.0,47835,1716.9,620415.18,1068.76,8.724285714
Maize,2006,Autumn,53460.0,82868,1716.9,6827376.6,11761.2,0.964583333
Maize,2006,Summer,1916.0,4497,1716.9,244692.36,421.52,1.6265
Maize,2006,Winter,5894.0,15471,1716.9,752722.74,1296.68,1.662857143
Moong(Green Gram),2006,Autumn,22715.0,5201,1716.9,2900932.65,4997.3,0.20125
Moong(Green Gram),2006,Summer,127125.0,34313,1716.9,16235133.75,27967.5,0.278275862
Moong(Green Gram),2006,Winter,85385.0,17673,1716.9,10904518.35,18784.7,0.23862069
Potato,2006,Winter,8176.0,79316,1716.9,1044156.96,1798.72,8.693793103
Ragi,2006,Autumn,24822.0,15419,1716.9,3170017.62,5460.84,0.5665
Ragi,2006,Summer,274.0,202,1716.9,34992.54,60.28,0.59
Ragi,2006,Winter,39905.0,27462,1716.9,5096267.55,8779.1,0.522666667
Rapeseed &Mustard,2006,Winter,15161.0,2578,1716.9,1936211.31,3335.42,0.154
Rice,2006,Autumn,757000.0,765000,1716.9,96676470.0,166540.0,1.056785714
Rice,2006,Summer,315000.0,720000,1716.9,40228650.0,69300.0,2.012
Rice,2006,Winter,3379000.0,5338000,1716.9,431532090.0,743380.0,1.580333333
Sesamum,2006,Autumn,3320.0,612,1716.9,423997.2,730.4,0.184705882
Sesamum,2006,Summer,9607.0,2417,1716.9,1226909.97,2113.54,0.272916667
Sesamum,2006,Winter,37416.0,7638,1716.9,4778397.36,8231.52,0.184166667
Sugarcane,2006,Winter,20095.0,1274372,1716.9,2566332.45,4420.9,58.80103448
Urad,2006,Autumn,27628.0,5991,1716.9,3528371.88,6078.16,0.235
Urad,2006,Summer,6118.0,2164,1716.9,781329.78,1345.96,0.300588235
Urad,2006,Winter,92126.0,28531,1716.9,11765411.46,20267.72,0.285666667
Wheat,2006,Summer,3913.0,5802,1716.9,499729.23,860.86,1.303076923
Groundnut,2007,Autumn,31474.0,30635,1633.8,4198631.6,5035.84,0.812083333
Groundnut,2007,Summer,50530.0,69544,1633.8,6740702.0,8084.8,1.252142857
Groundnut,2007,Winter,2094.0,2406,1633.8,279339.6,335.04,1.054
Horse-gram,2007,Summer,152.0,42,1633.8,20276.8,24.32,0.226666667
Horse-gram,2007,Winter,71956.0,21084,1633.8,9598930.4,11512.96,0.306666667
Jute,2007,Autumn,5818.0,49836,1633.8,776121.2,930.88,8.147777778
Maize,2007,Autumn,64690.0,122879,1633.8,8629646.0,10350.4,1.096923077
Maize,2007,Summer,2874.0,6495,1633.8,383391.6,459.84,1.383043478
Maize,2007,Winter,6505.0,17797,1633.8,867767.0,1040.8,1.561333333
Moong(Green Gram),2007,Autumn,23687.0,5930,1633.8,3159845.8,3789.92,0.199375
Moong(Green Gram),2007,Summer,148138.0,38981,1633.8,19761609.2,23702.08,0.288928571
Moong(Green Gram),2007,Winter,86079.0,18188,1633.8,11482938.6,13772.64,0.254074074
Potato,2007,Winter,8514.0,94255,1633.8,1135767.6,1362.24,9.788
Ragi,2007,Autumn,26217.0,17357,1633.8,3497347.8,4194.72,0.541
Ragi,2007,Summer,484.0,428,1633.8,64565.6,77.44,0.78
Ragi,2007,Winter,40826.0,28992,1633.8,5446188.4,6532.16,0.522307692
Rapeseed &Mustard,2007,Winter,15884.0,3232,1633.8,2118925.6,2541.44,0.190689655
Rice,2007,Autumn,742000.0,814000,1633.8,98982800.0,118720.0,1.082857143
Rice,2007,Summer,334000.0,816000,1633.8,44555600.0,53440.0,2.108928571
Rice,2007,Winter,3376000.0,5910000,1633.8,450358400.0,540160.0,1.747
Sesamum,2007,Autumn,4528.0,766,1633.8,604035.2,724.48,0.197058824
Sesamum,2007,Summer,13819.0,3181,1633.8,1843454.6,2211.04,0.2736
Sesamum,2007,Winter,30132.0,6220,1633.8,4019608.8,4821.12,0.1825
Sugarcane,2007,Winter,19819.0,1069228,1633.8,2643854.6,3171.04,52.94266667
Urad,2007,Autumn,32628.0,7455,1633.8,4352575.2,5220.48,0.222916667
Urad,2007,Summer,9397.0,3568,1633.8,1253559.8,1503.52,0.276521739
Urad,2007,Winter,106962.0,35299,1633.8,14268730.8,17113.92,0.297333333
Wheat,2007,Summer,5548.0,8721,1633.8,740103.2,887.68,1.398
Groundnut,2008,Autumn,32265.0,31406,1539.0,4615185.6,2903.85,0.79
Groundnut,2008,Summer,49116.0,62791,1539.0,7025552.64,4420.44,1.197586207
Groundnut,2008,Winter,2065.0,2289,1539.0,295377.6,185.85,1.129545455
Horse-gram,2008,Summer,94.0,25,1539.0,13445.76,8.46,0.242
Horse-gram,2008,Winter,58696.0,16093,1539.0,8395875.84,5282.64,0.304666667
Jute,2008,Autumn,2429.0,19892,1539.0,347444.16,218.61,7.437142857
Maize,2008,Autumn,64461.0,128056,1539.0,9220501.44,5801.49,1.1028
Maize,2008,Summer,2249.0,5960,1539.0,321696.96,202.41,1.528888889
Maize,2008,Winter,307.0,676,1539.0,43913.28,27.63,1.625333333
Moong(Green Gram),2008,Autumn,22676.0,5300,1539.0,3243575.04,2040.84,0.184285714
Moong(Green Gram),2008,Summer,125260.0,36512,1539.0,17917190.4,11273.4,0.2825
Moong(Green Gram),2008,Winter,85557.0,18854,1539.0,12238073.28,7700.13,0.265357143
Potato,2008,Winter,7315.0,75577,1539.0,1046337.6,658.35,9.706896552
Ragi,2008,Autumn,26091.0,17371,1539.0,3732056.64,2348.19,0.573
Ragi,2008,Summer,289.0,230,1539.0,41338.56,26.01,0.7
Ragi,2008,Winter,39333.0,23440,1539.0,5626192.32,3539.97,0.563333333
Rapeseed &Mustard,2008,Winter,13736.0,2527,1539.0,1964797.44,1236.24,0.166206897
Rice,2008,Autumn,707000.0,735000,1539.0,101129280.0,63630.0,1.062142857
Rice,2008,Summer,331000.0,811000,1539.0,47346240.0,29790.0,2.051538462
Rice,2008,Winter,3417000.0,5266000,1539.0,488767680.0,307530.0,1.545333333
Sesamum,2008,Autumn,3550.0,485,1539.0,507792.0,319.5,0.156875
Sesamum,2008,Summer,5755.0,1455,1539.0,823195.2,517.95,0.278695652
Sesamum,2008,Winter,28319.0,5310,1539.0,4050749.76,2548.71,0.19625
Sugarcane,2008,Winter,10763.0,646243,1539.0,1539539.52,968.67,53.25
Urad,2008,Autumn,28830.0,6823,1539.0,4123843.2,2594.7,0.24125
Urad,2008,Summer,9669.0,3745,1539.0,1383053.76,870.21,0.31
Urad,2008,Winter,90687.0,26672,1539.0,12971868.48,8161.83,0.266551724
Wheat,2008,Summer,5267.0,7386,1539.0,753391.68,474.03,1.3836
Groundnut,2009,Autumn,30731.0,28876,1330.3,4788504.42,5224.27,0.813913043
Groundnut,2009,Summer,41875.0,55890,1330.3,6524962.5,7118.75,1.205517241
Groundnut,2009,Winter,3685.0,4440,1330.3,574196.7,626.45,1.126666667
Horse-gram,2009,Summer,276.0,74,1330.3,43006.32,46.92,0.2175
Horse-gram,2009,Winter,64317.0,19856,1330.3,10021874.94,10933.89,0.330333333
Jute,2009,Autumn,2935.0,30368,1330.3,457331.7,498.95,8.92
Maize,2009,Autumn,78682.0,169659,1330.3,12260229.24,13375.94,1.0184
Maize,2009,Summer,2265.0,5048,1330.3,352932.3,385.05,1.505217391
Maize,2009,Winter,211.0,302,1330.3,32878.02,35.87,1.5675
Moong(Green Gram),2009,Autumn,21731.0,4949,1330.3,3386124.42,3694.27,0.338
Moong(Green Gram),2009,Summer,147688.0,46492,1330.3,23012744.16,25106.96,0.296206897
Moong(Green Gram),2009,Winter,120690.0,27253,1330.3,18805915.8,20517.3,0.263703704
Potato,2009,Winter,7877.0,97000,1330.3,1227394.14,1339.09,11.02241379
Ragi,2009,Autumn,21856.0,13721,1330.3,3405601.92,3715.52,0.5895
Ragi,2009,Summer,225.0,205,1330.3,35059.5,38.25,0.6925
Ragi,2009,Winter,36949.0,23731,1330.3,5757393.18,6281.33,0.5675
Rapeseed &Mustard,2009,Winter,12841.0,2736,1330.3,2000884.62,2182.97,0.197241379
Rice,2009,Autumn,687000.0,618000,1330.3,107048340.0,116790.0,1.024074074
Rice,2009,Summer,265000.0,714000,1330.3,41292300.0,45050.0,2.163636364
Rice,2009,Winter,3413000.0,5581000,1330.3,531813660.0,580210.0,1.575666667
Sesamum,2009,Autumn,4560.0,785,1330.3,710539.2,775.2,0.197777778
Sesamum,2009,Summer,9198.0,2494,1330.3,1433232.36,1563.66,0.294347826
Sesamum,2009,Winter,31783.0,7216,1330.3,4952427.06,5403.11,0.213478261
Sugarcane,2009,Winter,7968.0,489941,1330.3,1241573.76,1354.56,54.9762069
Urad,2009,Autumn,29523.0,6514,1330.3,4600273.86,5018.91,0.26
Urad,2009,Summer,7333.0,2477,1330.3,1142628.06,1246.61,0.263
Urad,2009,Winter,93222.0,30271,1330.3,14525852.04,15847.74,0.299655172
Wheat,2009,Summer,3994.0,5782,1330.3,622345.08,678.98,1.3456
Groundnut,2010,Autumn,32004.0,30732,1291.9,5316184.44,7680.96,0.849565217
Groundnut,2010,Summer,37698.0,51336,1291.9,6262014.78,9047.52,1.247586207
Groundnut,2010,Winter,3074.0,3604,1291.9,510622.14,737.76,1.071333333
Horse-gram,2010,Summer,404.0,120,1291.9,67108.44,96.96,0.28
Horse-gram,2010,Winter,69005.0,22093,1291.9,11462420.55,16561.2,0.318965517
Jute,2010,Autumn,3181.0,36337,1291.9,528395.91,763.44,10.50428571
Maize,2010,Autumn,111982.0,284745,1291.9,18601330.02,26875.68,1.3952
Maize,2010,Summer,4454.0,12540,1291.9,739853.94,1068.96,1.8296
Maize,2010,Winter,740.0,1529,1291.9,122921.4,177.6,1.978666667
Moong(Green Gram),2010,Autumn,25378.0,6479,1291.9,4215539.58,6090.72,0.21375
Moong(Green Gram),2010,Summer,184234.0,61251,1291.9,30603109.74,44216.16,0.291034483
Moong(Green Gram),2010,Winter,78502.0,17381,1291.9,13039967.22,18840.48,0.248076923
Potato,2010,Winter,6528.0,76208,1291.9,1084366.08,1566.72,10.70074074
Ragi,2010,Autumn,27570.0,19424,1291.9,4579652.7,6616.8,0.6125
Ragi,2010,Summer,328.0,276,1291.9,54484.08,78.72,0.854285714
Ragi,2010,Winter,38276.0,27206,1291.9,6358026.36,9186.24,0.618333333
Rapeseed &Mustard,2010,Winter,15925.0,3345,1291.9,2645301.75,3822.0,0.18137931
Rice,2010,Autumn,678000.0,563000,1291.9,112622580.0,162720.0,0.939642857
Rice,2010,Summer,293000.0,863000,1291.9,48670230.0,70320.0,2.1024
Rice,2010,Winter,3255000.0,5398000,1291.9,540688050.0,781200.0,1.633
Sesamum,2010,Autumn,6354.0,1280,1291.9,1055462.94,1524.96,0.205555556
Sesamum,2010,Summer,7833.0,2092,1291.9,1301139.63,1879.92,0.324583333
Sesamum,2010,Winter,37563.0,8219,1291.9,6239589.93,9015.12,0.193478261
Sugarcane,2010,Winter,13142.0,902700,1291.9,2183017.62,3154.08,62.2525
Urad,2010,Autumn,35912.0,8515,1291.9,5965342.32,8618.88,0.230909091
Urad,2010,Summer,8014.0,2980,1291.9,1331205.54,1923.36,0.360416667
Urad,2010,Winter,89773.0,28134,1291.9,14912193.03,21545.52,0.280333333
Wheat,2010,Summer,2857.0,4176,1291.9,474576.27,685.68,1.3396
Groundnut,2011,Autumn,27791.0,22556,1346.2,4655548.32,9171.03,0.765454545
Groundnut,2011,Summer,36351.0,54008,1346.2,6089519.52,11995.83,1.411034483
Groundnut,2011,Winter,2140.0,2274,1346.2,358492.8,706.2,1.038
Horse-gram,2011,Summer,90.0,27,1346.2,15076.8,29.7,0.25
Horse-gram,2011,Winter,44164.0,10668,1346.2,7398353.28,14574.12,0.254137931
Jute,2011,Autumn,3910.0,32084,1346.2,655003.2,1290.3,9.218571429
Maize,2011,Autumn,98714.0,202050,1346.2,16536569.28,32575.62,1.3072
Maize,2011,Summer,3971.0,9914,1346.2,665221.92,1310.43,2.039130435
Maize,2011,Winter,177.0,227,1346.2,29651.04,58.41,1.776153846
Moong(Green Gram),2011,Autumn,24786.0,5254,1346.2,4152150.72,8179.38,0.190769231
Moong(Green Gram),2011,Summer,147141.0,47584,1346.2,24649060.32,48556.53,0.2925
Moong(Green Gram),2011,Winter,41861.0,8498,1346.2,7012554.72,13814.13,0.294814815
Niger seed,2011,Winter,31844.0,4770,1346.2,5334506.88,10508.52,0.124545455
Potato,2011,Winter,5779.0,63010,1346.2,968098.08,1907.07,10.49888889
Ragi,2011,Autumn,20228.0,12871,1346.2,3388594.56,6675.24,0.548235294
Ragi,2011,Summer,114.0,81,1346.2,19097.28,37.62,0.673333333
Ragi,2011,Winter,34666.0,17961,1346.2,5807248.32,11439.78,0.42
Rapeseed &Mustard,2011,Winter,10335.0,2194,1346.2,1731319.2,3410.55,0.191428571
Rice,2011,Autumn,536000.0,418000,1346.2,89790720.0,176880.0,0.8
Rice,2011,Summer,236000.0,755000,1346.2,39534720.0,77880.0,2.363913043
Rice,2011,Winter,3233000.0,4633000,1346.2,541592160.0,1066890.0,1.405333333
Sesamum,2011,Autumn,4517.0,745,1346.2,756687.84,1490.61,0.182
Sesamum,2011,Summer,5247.0,1549,1346.2,878977.44,1731.51,0.304347826
Sesamum,2011,Winter,16749.0,2507,1346.2,2805792.48,5527.17,0.176086957
Sugarcane,2011,Winter,14499.0,884716,1346.2,2428872.48,4784.67,59.61214286
Urad,2011,Autumn,29714.0,6032,1346.2,4977689.28,9805.62,0.20952381
Urad,2011,Summer,5980.0,2073,1346.2,1001769.6,1973.4,0.270434783
Urad,2011,Winter,76386.0,21975,1346.2,12796182.72,25207.38,0.253103448
Wheat,2011,Summer,1461.0,2396,1346.2,244746.72,482.13,1.39
Groundnut,2012,Autumn,25179.0,26492,1430.2,3796993.2,7805.49,1.015652174
Groundnut,2012,Summer,38683.0,52029,1430.2,5833396.4,11991.73,1.300344828
Groundnut,2012,Winter,2487.0,3136,1430.2,375039.6,770.97,1.155294118
Horse-gram,2012,Summer,61.0,19,1430.2,9198.8,18.91,0.28
Horse-gram,2012,Winter,48249.0,17465,1430.2,7275949.2,14957.19,0.363448276
Jute,2012,Autumn,1776.0,3112,1430.2,267820.8,550.56,1.694285714
Maize,2012,Autumn,90572.0,216990,1430.2,13658257.6,28077.32,1.4536
Maize,2012,Summer,3578.0,10000,1430.2,539562.4,1109.18,1.860909091
Maize,2012,Winter,331.0,483,1430.2,49914.8,102.61,2.008461538
Moong(Green Gram),2012,Autumn,21882.0,5999,1430.2,3299805.6,6783.42,0.242857143
Moong(Green Gram),2012,Summer,159285.0,54343,1430.2,24020178.0,49378.35,0.360357143
Moong(Green Gram),2012,Winter,99426.0,27442,1430.2,14993440.8,30822.06,0.322
Potato,2012,Winter,5324.0,65017,1430.2,802859.2,1650.44,11.66964286
Ragi,2012,Autumn,17502.0,12599,1430.2,2639301.6,5425.62,0.632
Ragi,2012,Summer,119.0,94,1430.2,17945.2,36.89,0.833333333
Ragi,2012,Winter,39551.0,31335,1430.2,5964290.8,12260.81,0.682727273
Rapeseed &Mustard,2012,Winter,14631.0,4031,1430.2,2206354.8,4535.61,0.238275862
Rice,2012,Autumn,561000.0,970000,1430.2,84598800.0,173910.0,1.56
Rice,2012,Summer,8629000.0,868000,1430.2,1301253200.0,2674990.0,0.077333333
Rice,2012,Winter,3188000.0,7658000,1430.2,480750400.0,988280.0,2.490666667
Sesamum,2012,Autumn,3270.0,581,1430.2,493116.0,1013.7,0.226666667
Sesamum,2012,Summer,3008.0,965,1430.2,453606.4,932.48,0.338695652
Sesamum,2012,Winter,15445.0,3773,1430.2,2329106.0,4787.95,0.263636364
Sugarcane,2012,Winter,14530.0,952370,1430.2,2191124.0,4504.3,67.76214286
Urad,2012,Autumn,27091.0,7941,1430.2,4085322.8,8398.21,0.2775
Urad,2012,Summer,5021.0,1901,1430.2,757166.8,1556.51,0.400555556
Urad,2012,Winter,79881.0,27544,1430.2,12046054.8,24763.11,0.336785714
Wheat,2012,Summer,1039.0,1974,1430.2,156681.2,322.09,1.622857143
Groundnut,2013,Autumn,24161.0,26412,1632.4,3491022.89,6523.47,0.964782609
Groundnut,2013,Summer,34063.0,58046,1632.4,4921762.87,9197.01,1.442413793
Groundnut,2013,Winter,1669.0,2311,1632.4,241153.81,450.63,1.251428571
Horse-gram,2013,Summer,62.0,21,1632.4,8958.38,16.74,0.38
Horse-gram,2013,Winter,42038.0,15031,1632.4,6074070.62,11350.26,0.33137931
Jute,2013,Autumn,1971.0,3566,1632.4,284789.79,532.17,1.82
Maize,2013,Autumn,91261.0,252778,1632.4,13186301.89,24640.47,1.566666667
Maize,2013,Summer,3591.0,10430,1632.4,518863.59,969.57,1.905454545
Maize,2013,Winter,278.0,420,1632.4,40168.22,75.06,1.802222222
Moong(Green Gram),2013,Autumn,24135.0,7728,1632.4,3487266.15,6516.45,0.2575
Moong(Green Gram),2013,Summer,137237.0,56544,1632.4,19829374.13,37053.99,0.398888889
Moong(Green Gram),2013,Winter,90618.0,24421,1632.4,13093394.82,24466.86,0.3176
Potato,2013,Winter,6151.0,71342,1632.4,888757.99,1660.77,11.84296296
Ragi,2013,Autumn,15768.0,11548,1632.4,2278318.32,4257.36,0.598
Ragi,2013,Summer,229.0,191,1632.4,33088.21,61.83,0.755714286
Ragi,2013,Winter,40637.0,34102,1632.4,5871640.13,10971.99,0.858333333
Rapeseed &Mustard,2013,Winter,13442.0,3617,1632.4,1942234.58,3629.34,0.231071429
Rice,2013,Autumn,582000.0,851000,1632.4,84093180.0,157140.0,1.2972
Rice,2013,Summer,300000.0,1025000,1632.4,43347000.0,81000.0,2.857307692
Rice,2013,Winter,3298000.0,5734000,1632.4,476528020.0,890460.0,1.853
Sesamum,2013,Autumn,2737.0,564,1632.4,395469.13,738.99,0.25
Sesamum,2013,Summer,4631.0,1210,1632.4,669133.19,1250.37,0.333478261
Sesamum,2013,Winter,16171.0,3838,1632.4,2336547.79,4366.17,0.231818182
Sugarcane,2013,Winter,14213.0,936514,1632.4,2053636.37,3837.51,62.18535714
Urad,2013,Autumn,27587.0,8298,1632.4,3986045.63,7448.49,0.253888889
Urad,2013,Summer,3008.0,1344,1632.4,434625.92,812.16,0.383125
Urad,2013,Winter,54210.0,16697,1632.4,7832802.9,14636.7,0.322758621
Wheat,2013,Summer,678.0,1069,1632.4,97964.22,183.06,1.665555556
Groundnut,2014,Autumn,20519.0,21179,1536.9,3097548.24,6771.27,1.088571429
Groundnut,2014,Summer,26407.0,38842,1536.9,3986400.72,8714.31,1.472857143
Groundnut,2014,Winter,1916.0,1936,1536.9,289239.36,632.28,1.179230769
Horse-gram,2014,Summer,118.0,40,1536.9,17813.28,38.94,0.368
Horse-gram,2014,Winter,38245.0,13177,1536.9,5773465.2,12620.85,0.343103448
Jute,2014,Autumn,1057.0,1718,1536.9,159564.72,348.81,1.55
Maize,2014,Autumn,89218.0,181982,1536.9,13468349.28,29441.94,1.46875
Maize,2014,Summer,2266.0,5918,1536.9,342075.36,747.78,2.085
Maize,2014,Winter,180.0,302,1536.9,27172.8,59.4,2.656363636
Moong(Green Gram),2014,Autumn,22009.0,4904,1536.9,3322478.64,7262.97,0.278888889
Moong(Green Gram),2014,Summer,175592.0,70272,1536.9,26507368.32,57945.36,0.391481481
Moong(Green Gram),2014,Winter,97798.0,29848,1536.9,14763586.08,32273.34,0.322857143
Potato,2014,Winter,8445.0,104081,1536.9,1274857.2,2786.85,12.0725
Ragi,2014,Autumn,15247.0,10806,1536.9,2301687.12,5031.51,0.638571429
Ragi,2014,Summer,286.0,260,1536.9,43174.56,94.38,0.728571429
Ragi,2014,Winter,35945.0,26950,1536.9,5426257.2,11861.85,0.682857143
Rapeseed &Mustard,2014,Winter,10119.0,2473,1536.9,1527564.24,3339.27,0.244137931
Rice,2014,Autumn,583000.0,1036000,1536.9,88009680.0,192390.0,1.599166667
Rice,2014,Summer,301000.0,1002000,1536.9,45438960.0,99330.0,2.62
Rice,2014,Winter,3282000.0,7802000,1536.9,495450720.0,1083060.0,2.379333333
Sesamum,2014,Autumn,3679.0,833,1536.9,555381.84,1214.07,0.25125
Sesamum,2014,Summer,4255.0,1278,1536.9,642334.8,1404.15,0.350434783
Sesamum,2014,Winter,17919.0,4546,1536.9,2705052.24,5913.27,0.2695
Sugarcane,2014,Winter,10047.0,722892,1536.9,1516695.12,3315.51,60.30111111
Urad,2014,Autumn,22843.0,5978,1536.9,3448379.28,7538.19,0.285
Urad,2014,Summer,2800.0,1120,1536.9,422688.0,924.0,0.402777778
Urad,2014,Winter,56121.0,20452,1536.9,8472026.16,18519.93,0.351034483
Wheat,2014,Summer,403.0,658,1536.9,60836.88,132.99,1.440625
Groundnut,2015,Autumn,16983.0,13595,1210.1,2681785.53,5604.39,0.985
Groundnut,2015,Summer,32819.0,40760,1210.1,5182448.29,10830.27,1.242758621
Groundnut,2015,Winter,1404.0,1812,1210.1,221705.64,463.32,1.170833333
Horse-gram,2015,Summer,156.0,27,1210.1,24633.96,51.48,0.18
Horse-gram,2015,Winter,33206.0,9416,1210.1,5243559.46,10957.98,0.356551724
Jute,2015,Autumn,1204.0,2617,1210.1,190123.64,397.32,1.901666667
Maize,2015,Autumn,52843.0,103999,1210.1,8344438.13,17438.19,1.629130435
Maize,2015,Summer,2489.0,6521,1210.1,393037.99,821.37,1.936111111
Maize,2015,Winter,255.0,458,1210.1,40267.05,84.15,2.528
Moong(Green Gram),2015,Autumn,19391.0,4715,1210.1,3062032.81,6399.03,0.231111111
Moong(Green Gram),2015,Summer,200039.0,65014,1210.1,31588158.49,66012.87,0.332413793
Moong(Green Gram),2015,Winter,70356.0,15494,1210.1,11109915.96,23217.48,0.249545455
Potato,2015,Winter,5626.0,57236,1210.1,888401.66,1856.58,9.88962963
Ragi,2015,Autumn,14230.0,8780,1210.1,2247059.3,4695.9,0.597857143
Ragi,2015,Summer,297.0,265,1210.1,46899.27,98.01,0.782857143
Ragi,2015,Winter,31166.0,19281,1210.1,4921423.06,10284.78,0.533
Rapeseed &Mustard,2015,Winter,7308.0,1497,1210.1,1154006.28,2411.64,0.206785714
Rice,2015,Autumn,541000.0,390000,1210.1,85429310.0,178530.0,0.864583333
Rice,2015,Summer,234000.0,782000,1210.1,36950940.0,77220.0,2.619090909
Rice,2015,Winter,3167000.0,4702000,1210.1,500100970.0,1045110.0,1.417666667
Sesamum,2015,Autumn,2959.0,623,1210.1,467255.69,976.47,0.258
Sesamum,2015,Summer,4633.0,1219,1210.1,731597.03,1528.89,0.309047619
Sesamum,2015,Winter,12434.0,2300,1210.1,1963452.94,4103.22,0.182
Sugarcane,2015,Winter,8962.0,577158,1210.1,1415189.42,2957.46,58.85428571
Urad,2015,Autumn,20281.0,5005,1210.1,3202572.71,6692.73,0.282142857
Urad,2015,Summer,7564.0,3170,1210.1,1194431.24,2496.12,0.388
Urad,2015,Winter,46473.0,16207,1210.1,7338551.43,15336.09,0.311481481
Wheat,2015,Summer,367.0,494,1210.1,57952.97,121.11,1.2675
Groundnut,2016,Autumn,21190.0,20029,1460.5,3247367.5,7416.5,0.982380952
Groundnut,2016,Summer,19389.0,29731,1460.5,2971364.25,6786.15,1.491851852
Groundnut,2016,Winter,4355.0,5469,1460.5,667403.75,1524.25,1.24875
Horse-gram,2016,Summer,40.0,15,1460.5,6130.0,14.0,0.3375
Horse-gram,2016,Winter,34046.0,14838,1460.5,5217549.5,11916.1,0.396071429
Jute,2016,Autumn,753.0,1264,1460.5,115397.25,263.55,1.741666667
Maize,2016,Autumn,68457.0,195388,1460.5,10491035.25,23959.95,1.746521739
Maize,2016,Summer,2589.0,7542,1460.5,396764.25,906.15,1.770769231
Maize,2016,Winter,1344.0,1736,1460.5,205968.0,470.4,1.541818182
Moong(Green Gram),2016,Autumn,40753.0,17849,1460.5,6245397.25,14263.55,0.60875
Moong(Green Gram),2016,Summer,157356.0,74083,1460.5,24114807.0,55074.6,0.461153846
Moong(Green Gram),2016,Winter,128055.0,41693,1460.5,19624428.75,44819.25,0.407916667
Niger seed,2016,Winter,15018.0,4616,1460.5,2301508.5,5256.3,0.288888889
Potato,2016,Winter,6524.0,82158,1460.5,999803.0,2283.4,12.69703704
Ragi,2016,Autumn,14266.0,9107,1460.5,2186264.5,4993.1,0.594117647
Ragi,2016,Summer,78.0,54,1460.5,11953.5,27.3,0.652857143
Ragi,2016,Winter,32617.0,23981,1460.5,4998555.25,11415.95,0.702727273
Rapeseed &Mustard,2016,Winter,9698.0,3354,1460.5,1486218.5,3394.3,0.293214286
Rice,2016,Autumn,511550.0,657520,1460.5,78395037.5,179042.5,1.444074074
Rice,2016,Summer,224780.0,793690,1460.5,34447535.0,78673.0,2.745333333
Rice,2016,Winter,3226450.0,8343100,1460.5,494453462.5,1129257.5,2.543
Sesamum,2016,Autumn,3571.0,1027,1460.5,547255.75,1249.85,0.270909091
Sesamum,2016,Summer,1435.0,439,1460.5,219913.75,502.25,0.408333333
Sesamum,2016,Winter,11000.0,3429,1460.5,1685750.0,3850.0,0.2825
Sugarcane,2016,Winter,5493.0,344294,1460.5,841802.25,1922.55,56.1604
Urad,2016,Autumn,27899.0,11114,1460.5,4275521.75,9764.65,0.46
Urad,2016,Summer,15269.0,8309,1460.5,2339974.25,5344.15,0.4775
Urad,2016,Winter,65569.0,29995,1460.5,10048449.25,22949.15,0.412068966
Wheat,2016,Summer,57.0,80,1460.5,8735.25,19.95,0.95
Groundnut,2017,Autumn,14414.0,12959,1344.4,2269340.16,5477.32,1.061111111
Groundnut,2017,Summer,17089.0,22355,1344.4,2690492.16,6493.82,1.498518519
Groundnut,2017,Winter,1817.0,2466,1344.4,286068.48,690.46,1.304375
Horse-gram,2017,Summer,373.0,142,1344.4,58725.12,141.74,0.45
Horse-gram,2017,Winter,25841.0,10641,1344.4,4068407.04,9819.58,0.383571429
Jute,2017,Autumn,947.0,2360,1344.4,149095.68,359.86,2.055
Maize,2017,Autumn,44436.0,111619,1344.4,6996003.84,16885.68,1.745714286
Maize,2017,Summer,2132.0,5803,1344.4,335662.08,810.16,2.552857143
Maize,2017,Winter,374.0,527,1344.4,58882.56,142.12,2.14625
Moong(Green Gram),2017,Autumn,26254.0,8381,1344.4,4133429.76,9976.52,0.383333333
Moong(Green Gram),2017,Summer,127403.0,57568,1344.4,20058328.32,48413.14,0.444814815
Moong(Green Gram),2017,Winter,82357.0,25559,1344.4,12966286.08,31295.66,0.419130435
Niger seed,2017,Winter,18348.0,5991,1344.4,2888709.12,6972.24,0.264444444
Potato,2017,Winter,3966.0,41812,1344.4,624407.04,1507.08,11.95545455
Ragi,2017,Autumn,10042.0,7679,1344.4,1581012.48,3815.96,0.573333333
Ragi,2017,Summer,110.0,75,1344.4,17318.4,41.8,0.643333333
Ragi,2017,Winter,32440.0,24893,1344.4,5107353.6,12327.2,0.635
Rapeseed &Mustard,2017,Winter,8650.0,2819,1344.4,1361856.0,3287.0,0.327916667
Rice,2017,Autumn,530320.0,576840,1344.4,83493580.8,201521.6,1.218928571
Rice,2017,Summer,221940.0,695400,1344.4,34942233.6,84337.2,2.673571429
Rice,2017,Winter,3014130.0,5279130,1344.4,474544627.2,1145369.4,1.747
Sesamum,2017,Autumn,2441.0,598,1344.4,384311.04,927.58,0.301818182
Sesamum,2017,Summer,1848.0,510,1344.4,290949.12,702.24,0.352941176
Sesamum,2017,Winter,10515.0,3030,1344.4,1655481.6,3995.7,0.268333333
Sugarcane,2017,Winter,3713.0,240245,1344.4,584574.72,1410.94,56.588
Urad,2017,Autumn,20431.0,6410,1344.4,3216656.64,7763.78,0.372307692
Urad,2017,Summer,13987.0,6963,1344.4,2202113.28,5315.06,0.413333333
Urad,2017,Winter,42760.0,15322,1344.4,6732134.4,16248.8,0.382413793
Wheat,2017,Summer,73.0,158,1344.4,11493.12,27.74,2.387142857
Groundnut,2018,Autumn,10974.0,11237,1635.9,1779982.8,3840.9,1.1135
Groundnut,2018,Summer,14924.0,21685,1635.9,2420672.8,5223.4,1.6984
Groundnut,2018,Winter,1977.0,2669,1635.9,320669.4,691.95,1.4975
Horse-gram,2018,Summer,38.0,14,1635.9,6163.6,13.3,0.35
Horse-gram,2018,Winter,23569.0,8680,1635.9,3822891.8,8249.15,0.379310345
Jute,2018,Autumn,200.0,313,1635.9,32440.0,70.0,1.54
Maize,2018,Autumn,49126.0,113342,1635.9,7968237.2,17194.1,1.665652174
Maize,2018,Summer,2855.0,7452,1635.9,463081.0,999.25,2.334615385
Maize,2018,Winter,67.0,164,1635.9,10867.4,23.45,2.231
Moong(Green Gram),2018,Autumn,10615.0,2798,1635.9,1721753.0,3715.25,0.418
Moong(Green Gram),2018,Summer,143548.0,50843,1635.9,23283485.6,50241.8,0.405555556
Moong(Green Gram),2018,Winter,62479.0,17222,1635.9,10134093.8,21867.65,0.332173913
Niger seed,2018,Winter,18987.0,5195,1635.9,3079691.4,6645.45,0.231111111
Potato,2018,Winter,4900.0,54455,1635.9,794780.0,1715.0,13.01730769
Ragi,2018,Autumn,8511.0,5827,1635.9,1380484.2,2978.85,0.640909091
Ragi,2018,Summer,212.0,132,1635.9,34386.4,74.2,0.768333333
Ragi,2018,Winter,27944.0,19356,1635.9,4532516.8,9780.4,0.538888889
Rapeseed &Mustard,2018,Winter,6019.0,1657,1635.9,976281.8,2106.65,0.271428571
Rice,2018,Autumn,454370.0,527490,1635.9,73698814.0,159029.5,1.322916667
Rice,2018,Summer,274230.0,925810,1635.9,44480106.0,95980.5,2.586071429
Rice,2018,Winter,3130820.0,6280410,1635.9,507819004.0,1095787.0,1.982333333
Sesamum,2018,Autumn,1592.0,490,1635.9,258222.4,557.2,0.287
Sesamum,2018,Summer,2229.0,449,1635.9,361543.8,780.15,0.282857143
Sesamum,2018,Winter,11056.0,2563,1635.9,1793283.2,3869.6,0.212777778
Sugarcane,2018,Winter,6778.0,417672,1635.9,1099391.6,2372.3,57.58454545
Urad,2018,Autumn,13720.0,3583,1635.9,2225384.0,4802.0,0.336666667
Urad,2018,Summer,4571.0,2336,1635.9,741416.2,1599.85,0.469090909
Urad,2018,Winter,39560.0,13123,1635.9,6416632.0,13846.0,0.352758621
Wheat,2018,Summer,147.0,268,1635.9,23843.4,51.45,1.825
